{"initial_reset_timestamp": 1501945897.008846, "timestamps": [1501945898.4300334, 1501945899.3531573, 1501945899.4257636, 1501945899.4340353, 1501945899.4442234, 1501945899.4534223, 1501945899.4704077, 1501945899.5006015, 1501945900.2669146, 1501945900.352613, 1501945900.369366, 1501945900.3857298, 1501945900.3969505, 1501945900.4120638, 1501945900.424101, 1501945900.4815602, 1501945900.5007231, 1501945900.5087793, 1501945900.5197494, 1501945900.544739, 1501945900.5648315, 1501945900.5831387, 1501945900.6067085, 1501945900.636501, 1501945900.6439168, 1501945900.6534932, 1501945900.6867573, 1501945901.4693916, 1501945901.533309, 1501945901.553343, 1501945901.5698457, 1501945901.5786724, 1501945901.5886211, 1501945901.6005578, 1501945901.615514, 1501945901.63393, 1501945901.6464121, 1501945901.7067606, 1501945901.80258, 1501945901.8127644, 1501945901.8363364, 1501945901.8483186, 1501945901.8607736, 1501945901.8685308, 1501945901.8762965, 1501945901.8932636, 1501945901.9182708, 1501945901.9269965, 1501945901.9414492, 1501945901.9514742, 1501945901.9591565, 1501945901.9715028, 1501945901.992428, 1501945902.0090384, 1501945902.0198302, 1501945902.0340993, 1501945902.0450568, 1501945902.0650368, 1501945902.0788617, 1501945902.089085, 1501945902.102669, 1501945902.1129625, 1501945902.1335907, 1501945902.1444678, 1501945902.7796795, 1501945902.8498435, 1501945902.8578355, 1501945902.8651993, 1501945902.881667, 1501945902.8997028, 1501945902.938164, 1501945902.9552, 1501945902.9674475, 1501945902.983399, 1501945902.9948456, 1501945903.0056958, 1501945903.015975, 1501945903.0303798, 1501945903.0483005, 1501945903.058551, 1501945903.0751812, 1501945903.08592, 1501945903.0962424, 1501945903.1119053, 1501945903.1198554, 1501945903.1315022, 1501945903.1542385, 1501945903.1722462, 1501945903.1786163, 1501945903.1893268, 1501945903.2069256, 1501945903.2236788, 1501945903.2425401, 1501945903.2518644, 1501945903.2688851, 1501945903.2939289, 1501945903.3248906, 1501945903.3338716, 1501945903.3433785, 1501945903.3543885, 1501945903.3638442, 1501945903.3792374, 1501945903.3958764, 1501945903.413663, 1501945903.4367425, 1501945903.4464524, 1501945903.4821014, 1501945903.5067155, 1501945903.522172, 1501945903.541644, 1501945903.549799, 1501945903.5592532, 1501945903.5783253, 1501945903.610236, 1501945903.618411, 1501945903.6283727, 1501945903.6520343, 1501945903.6658058, 1501945903.6770482, 1501945903.6839108, 1501945903.6955266, 1501945903.7072577, 1501945903.7166677, 1501945903.7282977, 1501945903.7349272, 1501945904.5049596, 1501945904.5944693, 1501945904.6090972, 1501945904.617775, 1501945904.6245077, 1501945904.6406868, 1501945904.6607397, 1501945904.6831317, 1501945904.7114284, 1501945904.7318609, 1501945904.7844188, 1501945904.7917464, 1501945904.801396, 1501945904.8193953, 1501945904.8263466, 1501945904.843828, 1501945904.8539784, 1501945904.8729758, 1501945904.8943279, 1501945904.9079232, 1501945904.9180834, 1501945904.9305637, 1501945904.9427493, 1501945904.9542403, 1501945904.9691586, 1501946024.8667288], "episode_lengths": [83, 86, 70, 70, 54, 69, 89, 122, 70, 82, 82, 91, 59, 76, 56, 183, 88, 70, 59, 104, 86, 87, 96, 117, 55, 74, 131, 78, 51, 80, 96, 70, 82, 98, 75, 89, 73, 204, 275, 77, 91, 58, 69, 53, 67, 92, 113, 76, 83, 54, 65, 63, 88, 82, 90, 83, 97, 90, 75, 54, 66, 83, 86, 71, 60, 51, 63, 61, 79, 104, 157, 84, 84, 77, 69, 61, 67, 72, 83, 53, 75, 56, 86, 69, 69, 60, 97, 79, 54, 89, 82, 93, 88, 67, 77, 105, 122, 76, 80, 72, 60, 81, 81, 87, 103, 91, 135, 129, 100, 84, 75, 58, 83, 151, 64, 89, 101, 73, 70, 60, 73, 70, 51, 62, 59, 73, 85, 80, 67, 59, 84, 90, 115, 131, 94, 176, 52, 52, 81, 58, 77, 72, 89, 90, 93, 56, 66, 63, 79, 79, 89], "episode_rewards": [-330.27455652331616, -215.90416293446512, -438.3528979110906, -235.37879190422981, -393.8790842750578, -93.51308472741384, -411.41588664119615, -953.9890320593877, -444.95121646655366, -523.7832635055586, -637.780912055833, -801.3265648368856, -507.60022346030274, -568.0939761695106, -196.38822181847326, -778.9834773239672, -825.9935095992294, -212.6332661355044, -372.4149310355379, -614.0048565783836, -466.97085090193735, -302.9550760799018, -323.3310594195832, -354.25341182142097, -139.11249671645635, -7.942321767151341, -730.762023270801, -171.94453442068573, -336.2457802543621, -163.55906989761883, -641.2611294621445, -194.66222972606562, -214.14343985399034, -343.2088959978041, -551.7214440859254, -738.2057900852873, -628.9912581816384, -740.8772492554318, -465.77488542116436, -354.97462835394356, -476.3542131597974, -338.97616258295824, -694.1694866473172, -351.2202958830364, -153.25976291647322, -232.44312569036111, -493.9704795446104, -163.0825013620747, -533.7740185438088, -361.94676160728045, -182.54617757220757, -409.03660228713807, -427.0814874644004, -490.3245619278536, -239.3117999352904, -610.5132346131609, -193.3070107670348, -471.6566647549529, -289.3479178493483, -386.85590574833117, -590.6671140863245, -156.79295020304346, -302.31798560205505, -471.47158387118714, -279.6845873775493, -172.12655571691857, -185.6239780827491, -153.51609748182358, -788.9483310682831, -113.8824512958693, -464.59732304206403, -439.6891994191166, -113.37626144385358, -670.7182660596069, -72.01970546286225, -462.43154371748165, -124.2449017568284, -592.5616963788772, -729.1317892679214, -412.55707788391766, -446.92473245079316, -335.33849831105874, -162.3425476791358, -217.4805952233391, -222.14941332540513, -362.12219804513893, -344.9274804789269, -529.2895059511113, -132.09600121516004, -156.17130663563853, -500.1537572375817, -269.697434153987, -925.7036256914745, -231.15628624189335, -402.9477685073163, -148.1782938326541, -532.7602026887872, -186.95537811485448, -218.8098573120293, -217.02636147803295, -363.9405659921623, -652.1714108587204, -528.5177534813452, -423.09345918383553, -824.5479875444479, -169.56251943925963, -306.95369024770054, -258.56288442369777, -316.216978335098, -415.461819274567, -220.90428526660293, -137.33150822494713, -637.8909436512328, -420.26485059620916, -173.53723170129766, -214.06297094484444, -294.2314409463024, -556.8583631689987, -506.70329837074365, -193.4359912225115, -405.63757054437326, -583.4743914125405, -349.5953375643312, -582.3085846824505, -167.62575926882363, -488.2469568347724, -556.9234064345385, -478.6342818954772, -205.1530715115108, -191.4186307305245, -542.9216910350519, -515.082744565573, -536.0075916425257, -231.50342530698418, -789.7489485027189, -657.5099894389524, -151.91865795473944, -398.43526958109334, -411.8571579795841, -215.53248123235753, -389.59574356688364, -422.9957139650878, -732.4396193317318, -636.7029526048448, -395.9417504104166, -351.8167993738648, -549.8464942523271, -546.2417613889477, -391.4442933636078, -613.7666951320075, -440.9029579551366], "episode_types": ["t", "t", "t", "t", "t", "t", "t", "t", "t", "t", "t", "t", "t", "t", "t", "t", "t", "t", "t", "t", "t", "t", "t", "t", "t", "t", "t", "t", "t", "t", "t", "t", "t", "t", "t", "t", "t", "t", "t", "t", "t", "t", "t", "t", "t", "t", "t", "t", "t", "t", "t", "t", "t", "t", "t", "t", "t", "t", "t", "t", "t", "t", "t", "t", "t", "t", "t", "t", "t", "t", "t", "t", "t", "t", "t", "t", "t", "t", "t", "t", "t", "t", "t", "t", "t", "t", "t", "t", "t", "t", "t", "t", "t", "t", "t", "t", "t", "t", "t", "t", "t", "t", "t", "t", "t", "t", "t", "t", "t", "t", "t", "t", "t", "t", "t", "t", "t", "t", "t", "t", "t", "t", "t", "t", "t", "t", "t", "t", "t", "t", "t", "t", "t", "t", "t", "t", "t", "t", "t", "t", "t", "t", "t", "t", "t", "t", "t", "t", "t", "t", "t"]}